{
  "providers": {
    "awscloudformation": {
      "AuthRoleName": "amplify-echocarbon-echocarbon-195936-authRole",
      "UnauthRoleArn": "arn:aws:iam::098084210029:role/amplify-echocarbon-echocarbon-195936-unauthRole",
      "AuthRoleArn": "arn:aws:iam::098084210029:role/amplify-echocarbon-echocarbon-195936-authRole",
      "Region": "us-west-2",
      "DeploymentBucketName": "amplify-echocarbon-echocarbon-195936-deployment",
      "UnauthRoleName": "amplify-echocarbon-echocarbon-195936-unauthRole",
      "StackName": "amplify-echocarbon-echocarbon-195936",
      "StackId": "arn:aws:cloudformation:us-west-2:098084210029:stack/amplify-echocarbon-echocarbon-195936/eb120bd0-808b-11eb-83f9-063426c4c3b1",
      "AmplifyAppId": "d9asg3tkgu8q9"
    }
  }
}